{
  "meta_data": {
    "path_name": "1PieceDock",
    "sample_rate": 0.01
  },
  "commands": [],
  "key_points": [
    {
      "index": 0,
      "delta_time": 0.0,
      "time": 0.0,
      "x": 14.704845337199314,
      "y": 3.3,
      "angle": 3.141592653589793,
      "velocity_magnitude": 0,
      "velocity_theta": 0,
      "angular_velocity": 0
    },
    {
      "index": 1,
      "delta_time": 1.25,
      "time": 1.25,
      "x": 12.61983053694158,
      "y": 3.3,
      "angle": 3.141592653589793,
      "velocity_magnitude": 0,
      "velocity_theta": 0,
      "angular_velocity": 0
    }
  ],
  "sampled_points": [
    [
      0,
      14.704845337199314,
      3.3,
      3.141592653589793
    ],
    [
      0.01,
      14.704834789616916,
      3.3,
      3.141592653589793
    ],
    [
      0.02,
      14.704761971528267,
      3.3,
      3.141592653589793
    ],
    [
      0.03,
      14.70456738150825,
      3.3,
      3.141592653589793
    ],
    [
      0.04,
      14.70419449422783,
      3.3,
      3.141592653589793
    ],
    [
      0.05,
      14.703589711262387,
      3.3,
      3.141592653589793
    ],
    [
      0.060000000000000005,
      14.702702311900035,
      3.3,
      3.141592653589793
    ],
    [
      0.07,
      14.701484403949966,
      3.3,
      3.141592653589793
    ],
    [
      0.08,
      14.699890874550766,
      3.3,
      3.141592653589793
    ],
    [
      0.09,
      14.697879340978748,
      3.3,
      3.141592653589793
    ],
    [
      0.09999999999999999,
      14.695410101456288,
      3.3,
      3.141592653589793
    ],
    [
      0.10999999999999999,
      14.692446085960146,
      3.3,
      3.141592653589793
    ],
    [
      0.11999999999999998,
      14.688952807029795,
      3.3,
      3.141592653589793
    ],
    [
      0.12999999999999998,
      14.68489831057576,
      3.3,
      3.141592653589793
    ],
    [
      0.13999999999999999,
      14.680253126687933,
      3.3,
      3.141592653589793
    ],
    [
      0.15,
      14.674990220443917,
      3.3,
      3.141592653589793
    ],
    [
      0.16,
      14.66908494271734,
      3.3,
      3.141592653589793
    ],
    [
      0.17,
      14.662514980986202,
      3.3,
      3.141592653589793
    ],
    [
      0.18000000000000002,
      14.655260310141186,
      3.3,
      3.141592653589793
    ],
    [
      0.19000000000000003,
      14.647303143293998,
      3.3,
      3.141592653589793
    ],
    [
      0.20000000000000004,
      14.638627882585695,
      3.3,
      3.141592653589793
    ],
    [
      0.21000000000000005,
      14.629221069995012,
      3.3,
      3.141592653589793
    ],
    [
      0.22000000000000006,
      14.619071338146693,
      3.3,
      3.141592653589793
    ],
    [
      0.23000000000000007,
      14.608169361119817,
      3.3,
      3.141592653589793
    ],
    [
      0.24000000000000007,
      14.596507805256135,
      3.3,
      3.141592653589793
    ],
    [
      0.25000000000000006,
      14.584081279968387,
      3.3,
      3.141592653589793
    ],
    [
      0.26000000000000006,
      14.570886288548644,
      3.3,
      3.141592653589793
    ],
    [
      0.2700000000000001,
      14.556921178976628,
      3.3,
      3.141592653589793
    ],
    [
      0.2800000000000001,
      14.542186094728045,
      3.3,
      3.141592653589793
    ],
    [
      0.2900000000000001,
      14.526682925582916,
      3.3,
      3.141592653589793
    ],
    [
      0.3000000000000001,
      14.5104152584339,
      3.3,
      3.141592653589793
    ],
    [
      0.3100000000000001,
      14.49338832809463,
      3.3,
      3.141592653589793
    ],
    [
      0.3200000000000001,
      14.47560896810804,
      3.3,
      3.141592653589793
    ],
    [
      0.3300000000000001,
      14.457085561554692,
      3.3,
      3.141592653589793
    ],
    [
      0.34000000000000014,
      14.437827991861106,
      3.3,
      3.141592653589793
    ],
    [
      0.35000000000000014,
      14.41784759360809,
      3.3,
      3.141592653589793
    ],
    [
      0.36000000000000015,
      14.397157103339076,
      3.3,
      3.141592653589793
    ],
    [
      0.37000000000000016,
      14.375770610368432,
      3.3,
      3.141592653589793
    ],
    [
      0.38000000000000017,
      14.35370350758981,
      3.3,
      3.141592653589793
    ],
    [
      0.3900000000000002,
      14.33097244228446,
      3.3,
      3.141592653589793
    ],
    [
      0.4000000000000002,
      14.307595266929575,
      3.3,
      3.141592653589793
    ],
    [
      0.4100000000000002,
      14.283590990006601,
      3.3,
      3.141592653589793
    ],
    [
      0.4200000000000002,
      14.258979726809587,
      3.3,
      3.141592653589793
    ],
    [
      0.4300000000000002,
      14.233782650253493,
      3.3,
      3.141592653589793
    ],
    [
      0.4400000000000002,
      14.208021941682542,
      3.3,
      3.141592653589793
    ],
    [
      0.45000000000000023,
      14.181720741678527,
      3.3,
      3.141592653589793
    ],
    [
      0.46000000000000024,
      14.154903100869156,
      3.3,
      3.141592653589793
    ],
    [
      0.47000000000000025,
      14.127593930736372,
      3.3,
      3.141592653589793
    ],
    [
      0.48000000000000026,
      14.099818954424691,
      3.3,
      3.141592653589793
    ],
    [
      0.49000000000000027,
      14.071604657549521,
      3.3,
      3.141592653589793
    ],
    [
      0.5000000000000002,
      14.0429782390055,
      3.3,
      3.141592653589793
    ],
    [
      0.5100000000000002,
      14.01396756177482,
      3.3,
      3.141592653589793
    ],
    [
      0.5200000000000002,
      13.984601103735555,
      3.3,
      3.141592653589793
    ],
    [
      0.5300000000000002,
      13.954907908469998,
      3.3,
      3.141592653589793
    ],
    [
      0.5400000000000003,
      13.924917536072984,
      3.3,
      3.141592653589793
    ],
    [
      0.5500000000000003,
      13.894660013960216,
      3.3,
      3.141592653589793
    ],
    [
      0.5600000000000003,
      13.864165787676606,
      3.3,
      3.141592653589793
    ],
    [
      0.5700000000000003,
      13.833465671704593,
      3.3,
      3.141592653589793
    ],
    [
      0.5800000000000003,
      13.802590800272473,
      3.3,
      3.141592653589793
    ],
    [
      0.5900000000000003,
      13.771572578162735,
      3.3,
      3.141592653589793
    ],
    [
      0.6000000000000003,
      13.740442631520386,
      3.3,
      3.141592653589793
    ],
    [
      0.6100000000000003,
      13.709232758661283,
      3.3,
      3.141592653589793
    ],
    [
      0.6200000000000003,
      13.677974880880456,
      3.3,
      3.141592653589793
    ],
    [
      0.6300000000000003,
      13.64670099326044,
      3.3,
      3.141592653589793
    ],
    [
      0.6400000000000003,
      13.615443115479613,
      3.3,
      3.141592653589793
    ],
    [
      0.6500000000000004,
      13.58423324262051,
      3.3,
      3.141592653589793
    ],
    [
      0.6600000000000004,
      13.553103295978161,
      3.3,
      3.141592653589793
    ],
    [
      0.6700000000000004,
      13.522085073868425,
      3.3,
      3.141592653589793
    ],
    [
      0.6800000000000004,
      13.491210202436303,
      3.3,
      3.141592653589793
    ],
    [
      0.6900000000000004,
      13.46051008646429,
      3.3,
      3.141592653589793
    ],
    [
      0.7000000000000004,
      13.43001586018068,
      3.3,
      3.141592653589793
    ],
    [
      0.7100000000000004,
      13.399758338067913,
      3.3,
      3.141592653589793
    ],
    [
      0.7200000000000004,
      13.369767965670897,
      3.3,
      3.141592653589793
    ],
    [
      0.7300000000000004,
      13.340074770405343,
      3.3,
      3.141592653589793
    ],
    [
      0.7400000000000004,
      13.310708312366078,
      3.3,
      3.141592653589793
    ],
    [
      0.7500000000000004,
