{
  "meta_data": {
    "path_name": "2BallSteal",
    "sample_rate": 0.01
  },
  "key_points": [
    {
      "index": 0,
      "delta_time": 1.0,
      "time": 1.0,
      "x": 6.001579478417267,
      "y": 5.131686906964965,
      "angle": -0.7542795392189388
    },
    {
      "index": 1,
      "delta_time": 1.0,
      "time": 2.0,
      "x": 5.365228776978421,
      "y": 5.799399420592351,
      "angle": -0.7863145908465743
    },
    {
      "index": 2,
      "delta_time": 1.0,
      "time": 3.0,
      "x": 5.608197320143886,
      "y": 6.832183105552752,
      "angle": -2.37314760514394
    },
    {
      "index": 3,
      "delta_time": 1.0,
      "time": 4.0,
      "x": 5.422144973021583,
      "y": 7.458681705032465,
      "angle": 3.141592653589793
    }
  ],
  "sampled_points": [
    [
      0.1,
      5.986696459469425,
      5.141125992828692,
      -0.7364504375498672
    ],
    [
      0.2,
      5.945833852374102,
      5.168215712318782,
      -0.6910295557361403
    ],
    [
      0.3,
      5.8846713317536,
      5.2111147582836015,
      -0.63011652856799
    ],
    [
      0.4,
      5.808888572230218,
      5.267981823571513,
      -0.5658109908356488
    ],
    [
      0.5,
      5.724165248426263,
      5.336975601030883,
      -0.5102125773293483
    ],
    [
      0.6,
      5.636181034964033,
      5.416254783510073,
      -0.4754209228393207
    ],
    [
      0.7,
      5.550615606465833,
      5.503978063857451,
      -0.4735356621557979
    ],
    [
      0.8,
      5.473148637553963,
      5.598304134921381,
      -0.5166564300690122
    ],
    [
      0.9,
      5.409459802850727,
      5.697391689550226,
      -0.6168828613691952
    ],
    [
      1.0,
      5.365228776978426,
      5.799399420592352,
      -0.7863145908465794
    ],
    [
      1.1,
      5.344500805458633,
      5.902743205141285,
      -1.0304755579573204
    ],
    [
      1.2,
      5.344783417410071,
      6.006867657271244,
      -1.3285869208212855
    ],
    [
      1.3,
      5.361949712850718,
      6.111474575301599,
      -1.6532941422242686
    ],
    [
      1.4,
      5.3918727917985585,
      6.216265757551726,
      -1.9772426849520546
    ],
    [
      1.5,
      5.430425754271578,
      6.320943002341002,
      -2.27307801179043
    ],
    [
      1.6,
      5.473481700287765,
      6.4252081079888,
      -2.513445585525208
    ],
    [
      1.7,
      5.516913729865101,
      6.5287628728144975,
      -2.670990868942148
    ],
    [
      1.8,
      5.556594943021575,
      6.6313090951374685,
      -2.7183593248270483
    ],
    [
      1.9,
      5.588398439775172,
      6.732548573277091,
      -2.628196415965718
    ],
    [
      2.0,
      5.608197320143875,
      6.832183105552739,
      -2.3731476051439415
    ],
    [
      2.1,
      5.613048814892073,
      6.929698519952796,
      -1.9379808257919393
    ],
    [
      2.2,
      5.604746677769768,
      7.023716763141476,
      -1.3559538939176718
    ],
    [
      2.3,
      5.586268793273368,
      7.11264381145206,
      -0.672447096173542
    ],
    [
      2.4,
      5.560593045899264,
      7.194885641217796,
      0.06715928078806144
    ],
    [
      2.5,
      5.530697320143866,
      7.2688482287719385,
      0.8174849503147072
    ],
    [
      2.6,
      5.499559500503576,
      7.332937550447735,
      1.5331496257540778
    ],
    [
      2.7,
      5.470157471474797,
      7.385559582578435,
      2.168773020453642
    ],
    [
      2.8,
      5.445469117553936,
      7.425120301497293,
      2.678974847761026
    ],
    [
      2.9,
      5.428472323237386,
      7.450025683537557,
      3.01837482102394
    ],
    [
      3.0,
      5.42214497302156,
      7.458681705032476,
      3.1415926535898677
    ]
  ]
}