{
  "meta_data": {
    "path_name": "2PiecePart1",
    "sample_rate": 0.01
  },
  "key_points": [
    {
      "index": 0,
      "delta_time": 0.0,
      "time": 0.0,
      "x": 14.677965152061857,
      "y": 4.992419199316589,
      "angle": 3.141592653589793,
      "velocity_magnitude": 0,
      "velocity_theta": 0,
      "angular_velocity": 0
    },
    {
      "index": 1,
      "delta_time": 0.7,
      "time": 0.7,
      "x": 13.20311419072165,
      "y": 4.834830303151491,
      "angle": 3.141592653589793,
      "velocity_magnitude": 2.330104556543285,
      "velocity_theta": 3.0979700468703832,
      "angular_velocity": 0
    },
    {
      "index": 2,
      "delta_time": 0.9,
      "time": 1.6,
      "x": 10.953344523195875,
      "y": 5.080000000000007,
      "angle": 3.141592653589793,
      "velocity_magnitude": 1.0,
      "velocity_theta": -2.9838148892095058,
      "angular_velocity": 0
    }
  ],
  "sampled_points": [
    [
      0,
      14.677965152061857,
      4.992419199316589,
      3.141592653589793
    ],
    [
      0.01,
      14.677941600620318,
      4.992413893894088,
      3.141592653589793
    ],
    [
      0.02,
      14.677780254524146,
      4.992377692902545,
      3.141592653589793
    ],
    [
      0.03,
      14.677352855353739,
      4.9922822401938305,
      3.141592653589793
    ],
    [
      0.04,
      14.6765412907841,
      4.992101874673921,
      3.141592653589793
    ],
    [
      0.05,
      14.675237311806868,
      4.99181354755733,
      3.141592653589793
    ],
    [
      0.060000000000000005,
      14.67334224995233,
      4.991396739621537,
      3.141592653589793
    ],
    [
      0.07,
      14.670766734511464,
      4.99083337846142,
      3.141592653589793
    ],
    [
      0.08,
      14.667430409757939,
      4.9901077557436775,
      3.141592653589793
    ],
    [
      0.09,
      14.663261652170164,
      4.989206444461262,
      3.141592653589793
    ],
    [
      0.09999999999999999,
      14.658197287653296,
      4.988118216187809,
      3.141592653589793
    ],
    [
      0.10999999999999999,
      14.65218230876127,
      4.986833958332064,
      3.141592653589793
    ],
    [
      0.11999999999999998,
      14.645169591918833,
      4.985346591392312,
      3.141592653589793
    ],
    [
      0.12999999999999998,
      14.637119614643547,
      4.983650986210807,
      3.141592653589793
    ],
    [
      0.13999999999999999,
      14.628000172767836,
      4.9817438812282,
      3.141592653589793
    ],
    [
      0.15,
      14.617786097661,
      4.97962379973797,
      3.141592653589793
    ],
    [
      0.16,
      14.606458973451236,
      4.977290967140849,
      3.141592653589793
    ],
    [
      0.17,
      14.594006854247674,
      4.974747228199256,
      3.141592653589793
    ],
    [
      0.18000000000000002,
      14.58042398136239,
      4.97199596429172,
      3.141592653589793
    ],
    [
      0.19000000000000003,
      14.565710500532443,
      4.969042010667314,
      3.141592653589793
    ],
    [
      0.20000000000000004,
      14.549872179141884,
      4.965891573700082,
      3.141592653589793
    ],
    [
      0.21000000000000005,
      14.532920123443796,
      4.962552148143467,
      3.141592653589793
    ],
    [
      0.22000000000000006,
      14.51487049578231,
      4.95903243438474,
      3.141592653589793
    ],
    [
      0.23000000000000007,
      14.49574423181463,
      4.955342255699433,
      3.141592653589793
    ],
    [
      0.24000000000000007,
      14.475566757733063,
      4.95149247550576,
      3.141592653589793
    ],
    [
      0.25000000000000006,
      14.454367707487037,
      4.947494914619055,
      3.141592653589793
    ],
    [
      0.26000000000000006,
      14.43218064000513,
      4.943362268506192,
      3.141592653589793
    ],
    [
      0.2700000000000001,
      14.409042756417094,
      4.93910802454002,
      3.141592653589793
    ],
    [
      0.2800000000000001,
      14.384994617275877,
      4.9347463792537924,
      3.141592653589793
    ],
    [
      0.2900000000000001,
      14.360079859779656,
      4.930292155595589,
      3.141592653589793
    ],
    [
      0.3000000000000001,
      14.334344914993846,
      4.925760720182756,
      3.141592653589793
    ],
    [
      0.3100000000000001,
      14.307838725073143,
      4.92116790055632,
      3.141592653589793
    ],
    [
      0.3200000000000001,
      14.280612460483534,
      4.916529902435433,
      3.141592653589793
    ],
    [
      0.3300000000000001,
      14.252719237224332,
      4.911863226971789,
      3.141592653589793
    ],
    [
      0.34000000000000014,
      14.22421383405019,
      4.9071845880040605,
      3.141592653589793
    ],
    [
      0.35000000000000014,
      14.19515240969314,
      4.902510829312322,
      3.141592653589793
    ],
    [
      0.36000000000000015,
      14.165592220084605,
      4.897858841872482,
      3.141592653589793
    ],
    [
      0.37000000000000016,
      14.135591335577427,
      4.893245481110713,
      3.141592653589793
    ],
    [
      0.38000000000000017,
      14.105208358167896,
      4.8886874841578765,
      3.141592653589793
    ],
    [
      0.3900000000000002,
      14.074502138717772,
      4.884201387103954,
      3.141592653589793
    ],
    [
      0.4000000000000002,
      14.043531494176307,
      4.879803442252478,
      3.141592653589793
    ],
    [
      0.4100000000000002,
      14.012354924802272,
      4.875509535374957,
      3.141592653589793
    ],
    [
      0.4200000000000002,
      13.981030331385984,
      4.871335102965307,
      3.141592653589793
    ],
    [
      0.4300000000000002,
      13.949614732471325,
      4.867295049494279,
      3.141592653589793
    ],
    [
      0.4400000000000002,
      13.918163981577774,
      4.86340366466389,
      3.141592653589793
    ],
    [
      0.45000000000000023,
      13.886732484422426,
      4.859674540661849,
      3.141592653589793
    ],
    [
      0.46000000000000024,
      13.855372916142018,
      4.856120489415987,
      3.141592653589793
    ],
    [
      0.47000000000000025,
      13.824135938514955,
      4.852753459848687,
      3.141592653589793
    ],
    [
      0.48000000000000026,
      13.793069917183331,
      4.849584455131314,
      3.141592653589793
    ],
    [
      0.49000000000000027,
      13.762220638874961,
      4.846623449938639,
      3.141592653589793
    ],
    [
      0.5000000000000002,
      13.731631028625397,
      4.843879307703273,
      3.141592653589793
    ],
    [
      0.5100000000000002,
      13.701340866999962,
      4.841359697870092,
      3.141592653589793
    ],
    [
      0.5200000000000002,
      13.671386507315765,
      4.83907101315067,
      3.141592653589793
    ],
    [
      0.5300000000000002,
      13.641800592863728,
      4.8370182867777025,
      3.141592653589793
    ],
    [
      0.5400000000000003,
      13.61261177413062,
      4.835205109759442,
      3.141592653589793
    ],
    [
      0.5500000000000003,
      13.58384442602107,
      4.833633548134122,
      3.141592653589793
    ],
    [
      0.5600000000000003,
      13.555518365079596,
      4.832304060224388,
      3.141592653589793
    ],
    [
      0.5700000000000003,
      13.527648566712635,
      4.831215413891723,
      3.141592653589793
    ],
    [
      0.5800000000000003,
      13.500244882410554,
      4.830364603790883,
      3.141592653589793
    ],
    [
      0.5900000000000003,
      13.47331175696969,
      4.82974676862432,
      3.141592653589793
    ],
    [
      0.6000000000000003,
      13.446847945714365,
      4.829355108396613,
      3.141592653589793
    ],
    [
      0.6100000000000003,
      13.420846231718915,
      4.829180801668897,
      3.141592653589793
    ],
    [
      0.6200000000000003,
      13.395293143029715,
      4.829212922813292,
      3.141592653589793
    ],
    [
      0.6300000000000003,
