{
  "meta_data": {
    "path_name": "2PieceCenterSpikePart1",
    "sample_rate": 0.01
  },
  "key_points": [
    {
      "index": 0,
      "delta_time": 0.0,
      "time": 0.0,
      "x": 15.113619125,
      "y": 2.6509713566433564,
      "angle": 3.141592653589793,
      "velocity_magnitude": 0,
      "velocity_theta": 0,
      "angular_velocity": 0
    },
    {
      "index": 1,
      "delta_time": 1.4,
      "time": 1.4,
      "x": 13.858903575000003,
      "y": 2.65,
      "angle": 3.141592653589793,
      "velocity_magnitude": 0,
      "velocity_theta": 0,
      "angular_velocity": 0
    }
  ],
  "sampled_points": [
    [
      0,
      15.113619125,
      2.6509713566433564,
      3.141592653589793
    ],
    [
      0.01,
      15.113614601273401,
      2.650971353141246,
      3.141592653589793
    ],
    [
      0.02,
      15.113583323763065,
      2.650971328927298,
      3.141592653589793
    ],
    [
      0.03,
      15.113499599710112,
      2.650971264111081,
      3.141592653589793
    ],
    [
      0.04,
      15.113338878567117,
      2.6509711396864257,
      3.141592653589793
    ],
    [
      0.05,
      15.11307773520088,
      2.6509709375184176,
      3.141592653589793
    ],
    [
      0.060000000000000005,
      15.112693853095202,
      2.6509706403303945,
      3.141592653589793
    ],
    [
      0.07,
      15.112166007553656,
      2.650970231690944,
      3.141592653589793
    ],
    [
      0.08,
      15.111474048902362,
      2.650969696000896,
      3.141592653589793
    ],
    [
      0.09,
      15.110598885692758,
      2.650969018480324,
      3.141592653589793
    ],
    [
      0.09999999999999999,
      15.10952246790437,
      2.6509681851555356,
      3.141592653589793
    ],
    [
      0.10999999999999999,
      15.10822777014759,
      2.650967182846074,
      3.141592653589793
    ],
    [
      0.11999999999999998,
      15.106698774866448,
      2.650965999151711,
      3.141592653589793
    ],
    [
      0.12999999999999998,
      15.104920455541377,
      2.650964622439443,
      3.141592653589793
    ],
    [
      0.13999999999999999,
      15.102878759891999,
      2.6509630418304893,
      3.141592653589793
    ],
    [
      0.15,
      15.100560593079885,
      2.6509612471872863,
      3.141592653589793
    ],
    [
      0.16,
      15.097953800911338,
      2.650959229100485,
      3.141592653589793
    ],
    [
      0.17,
      15.095047153040154,
      2.6509569788759464,
      3.141592653589793
    ],
    [
      0.18000000000000002,
      15.091830326170408,
      2.650954488521738,
      3.141592653589793
    ],
    [
      0.19000000000000003,
      15.088293887259217,
      2.6509517507351297,
      3.141592653589793
    ],
    [
      0.20000000000000004,
      15.08442927671952,
      2.65094875888959,
      3.141592653589793
    ],
    [
      0.21000000000000005,
      15.080228791622842,
      2.650945507021783,
      3.141592653589793
    ],
    [
      0.22000000000000006,
      15.075685568902076,
      2.6509419898185635,
      3.141592653589793
    ],
    [
      0.23000000000000007,
      15.070793568554244,
      2.6509382026039736,
      3.141592653589793
    ],
    [
      0.24000000000000007,
      15.065547556843287,
      2.6509341413262386,
      3.141592653589793
    ],
    [
      0.25000000000000006,
      15.05994308950282,
      2.6509298025447645,
      3.141592653589793
    ],
    [
      0.26000000000000006,
      15.053976494938917,
      2.650925183417132,
      3.141592653589793
    ],
    [
      0.2700000000000001,
      15.047644857432877,
      2.6509202816860946,
      3.141592653589793
    ],
    [
      0.2800000000000001,
      15.040946000343999,
      2.6509150956665732,
      3.141592653589793
    ],
    [
      0.2900000000000001,
      15.033878469312354,
      2.6509096242326535,
      3.141592653589793
    ],
    [
      0.3000000000000001,
      15.026441515461562,
      2.650903866804582,
      3.141592653589793
    ],
    [
      0.3100000000000001,
      15.018635078601557,
      2.650897823335762,
      3.141592653589793
    ],
    [
      0.3200000000000001,
      15.010459770431366,
      2.6508914942997484,
      3.141592653589793
    ],
    [
      0.3300000000000001,
      15.001916857741879,
      2.6508848806772467,
      3.141592653589793
    ],
    [
      0.34000000000000014,
      14.993008245618622,
      2.6508779839431074,
      3.141592653589793
    ],
    [
      0.35000000000000014,
      14.98373646064453,
      2.6508708060533213,
      3.141592653589793
    ],
    [
      0.36000000000000015,
      14.974104634102721,
      2.6508633494320186,
      3.141592653589793
    ],
    [
      0.37000000000000016,
      14.964116485179266,
      2.650855616958462,
      3.141592653589793
    ],
    [
      0.38000000000000017,
      14.953776304165965,
      2.650847611954044,
      3.141592653589793
    ],
    [
      0.3900000000000002,
      14.943088935663116,
      2.6508393381692845,
      3.141592653589793
    ],
    [
      0.4000000000000002,
      14.932059761782291,
      2.6508307997708247,
      3.141592653589793
    ],
    [
      0.4100000000000002,
      14.920694685349106,
      2.6508220013284243,
      3.141592653589793
    ],
    [
      0.4200000000000002,
      14.909000113105998,
      2.650812947801958,
      3.141592653589793
    ],
    [
      0.4300000000000002,
      14.896982938914991,
      2.6508036445284113,
      3.141592653589793
    ],
    [
      0.4400000000000002,
      14.884650526960476,
      2.650794097208877,
      3.141592653589793
    ],
    [
      0.45000000000000023,
      14.872010694951976,
      2.6507843118955505,
      3.141592653589793
    ],
    [
      0.46000000000000024,
      14.85907169732693,
      2.650774294978727,
      3.141592653589793
    ],
    [
      0.47000000000000025,
      14.845842208453453,
      2.650764053173797,
      3.141592653589793
    ],
    [
      0.48000000000000026,
      14.832331305833115,
      2.6507535935082434,
      3.141592653589793
    ],
    [
      0.49000000000000027,
      14.818548453303716,
      2.6507429233086364,
      3.141592653589793
    ],
    [
      0.5000000000000002,
      14.804503484242055,
      2.6507320501876297,
      3.141592653589793
    ],
    [
      0.5100000000000002,
      14.7902065847667,
      2.650720982030959,
      3.141592653589793
    ],
    [
      0.5200000000000002,
      14.775668276940772,
      2.650709726984435,
      3.141592653589793
    ],
    [
      0.5300000000000002,
      14.760899401974703,
      2.650698293440941,
      3.141592653589793
    ],
    [
      0.5400000000000003,
      14.745911103429018,
      2.65068669002743,
      3.141592653589793
    ],
    [
      0.5500000000000003,
      14.730714810417108,
      2.6506749255919204,
      3.141592653589793
    ],
    [
      0.5600000000000003,
      14.715322220807998,
      2.6506630091904895,
      3.141592653589793
    ],
    [
      0.5700000000000003,
      14.699745284429122,
      2.650650950074274,
      3.141592653589793
    ],
    [
      0.5800000000000003,
      14.683996186269098,
      2.6506387576764636,
      3.141592653589793
    ],
    [
      0.5900000000000003,
      14.668087329680494,
      2.650626441599297,
      3.141592653589793
    ],
    [
      0.6000000000000003,
      14.652031319582612,
      2.65061401160106,
      3.141592653589793
    ],
    [
      0.6100000000000003,
      14.635840945664247,
      2.6506014775830797,
      3.141592653589793
    ],
    [
      0.6200000000000003,
      14.619529165586473,
      2.6505888495767214,
      3.141592653589793
    ],
    [
      0.6300000000000003,
      14.603109088185404,
      2.6505761377303845,
      3.141592653589793
    ],
    [
      0.6400000000000003,
      14.586593956674974,
      2.6505633522965,
      3.141592653589793
    ],
    [
      0.6500000000000004,
      14.569997131849712,
      2.6505505036185246,
