{
  "meta_data": {
    "path_name": "AlignmentTest",
    "sample_rate": 0.01
  },
  "key_points": [
    {
      "index": 0,
      "delta_time": 0.0,
      "time": 0.0,
      "x": 14.178019347938147,
      "y": 1.07,
      "angle": 0.0,
      "velocity_magnitude": 0,
      "velocity_theta": 0,
      "angular_velocity": 0
    },
    {
      "index": 1,
      "delta_time": 1.0,
      "time": 1.0,
      "x": 14.405000000000003,
      "y": 1.07,
      "angle": 0.0,
      "velocity_magnitude": 0.2863285322164941,
      "velocity_theta": 0.0,
      "angular_velocity": 0
    },
    {
      "index": 2,
      "delta_time": 1.0,
      "time": 2.0,
      "x": 14.750676412371135,
      "y": 1.07,
      "angle": 0.0,
      "velocity_magnitude": 0,
      "velocity_theta": 0,
      "angular_velocity": 0
    }
  ],
  "sampled_points": [
    [
      0,
      14.178019347938147,
      1.07,
      0.0
    ],
    [
      0.01,
      14.178020458476727,
      1.07,
      0.0
    ],
    [
      0.02,
      14.178028121420946,
      1.07,
      0.0
    ],
    [
      0.03,
      14.178048587121008,
      1.07,
      0.0
    ],
    [
      0.04,
      14.178087781898265,
      1.07,
      0.0
    ],
    [
      0.05,
      14.178151314079994,
      1.07,
      0.0
    ],
    [
      0.060000000000000005,
      14.178244480034177,
      1.07,
      0.0
    ],
    [
      0.07,
      14.178372270204287,
      1.07,
      0.0
    ],
    [
      0.08,
      14.178539375144055,
      1.07,
      0.0
    ],
    [
      0.09,
      14.178750191552263,
      1.07,
      0.0
    ],
    [
      0.09999999999999999,
      14.179008828307515,
      1.07,
      0.0
    ],
    [
      0.10999999999999999,
      14.179319112503022,
      1.07,
      0.0
    ],
    [
      0.11999999999999998,
      14.179684595481374,
      1.07,
      0.0
    ],
    [
      0.12999999999999998,
      14.180108558869334,
      1.07,
      0.0
    ],
    [
      0.13999999999999999,
      14.180594020612604,
      1.07,
      0.0
    ],
    [
      0.15,
      14.18114374101061,
      1.07,
      0.0
    ],
    [
      0.16,
      14.18176022875128,
      1.07,
      0.0
    ],
    [
      0.17,
      14.182445746945833,
      1.07,
      0.0
    ],
    [
      0.18000000000000002,
      14.183202319163541,
      1.07,
      0.0
    ],
    [
      0.19000000000000003,
      14.18403173546653,
      1.07,
      0.0
    ],
    [
      0.20000000000000004,
      14.184935558444538,
      1.07,
      0.0
    ],
    [
      0.21000000000000005,
      14.185915129249715,
      1.07,
      0.0
    ],
    [
      0.22000000000000006,
      14.186971573631386,
      1.07,
      0.0
    ],
    [
      0.23000000000000007,
      14.188105807970844,
      1.07,
      0.0
    ],
    [
      0.24000000000000007,
      14.189318545316121,
      1.07,
      0.0
    ],
    [
      0.25000000000000006,
      14.190610301416772,
      1.07,
      0.0
    ],
    [
      0.26000000000000006,
      14.191981400758653,
      1.07,
      0.0
    ],
    [
      0.2700000000000001,
      14.193431982598703,
      1.07,
      0.0
    ],
    [
      0.2800000000000001,
      14.194962006999718,
      1.07,
      0.0
    ],
    [
      0.2900000000000001,
      14.19657126086514,
      1.07,
      0.0
    ],
    [
      0.3000000000000001,
      14.198259363973829,
      1.07,
      0.0
    ],
    [
      0.3100000000000001,
      14.200025775014847,
      1.07,
      0.0
    ],
    [
      0.3200000000000001,
      14.201869797622233,
      1.07,
      0.0
    ],
    [
      0.3300000000000001,
      14.203790586409792,
      1.07,
      0.0
    ],
    [
      0.34000000000000014,
      14.205787153005863,
      1.07,
      0.0
    ],
    [
      0.35000000000000014,
      14.20785837208811,
      1.07,
      0.0
    ],
    [
      0.36000000000000015,
      14.210002987418292,
      1.07,
      0.0
    ],
    [
      0.37000000000000016,
      14.21221961787705,
      1.07,
      0.0
    ],
    [
      0.38000000000000017,
      14.214506763498681,
      1.07,
      0.0
    ],
    [
      0.3900000000000002,
      14.216862811505928,
      1.07,
      0.0
    ],
    [
      0.4000000000000002,
      14.219286042344743,
      1.07,
      0.0
    ],
    [
      0.4100000000000002,
      14.221774635719084,
      1.07,
      0.0
    ],
    [
      0.4200000000000002,
      14.224326676625685,
      1.07,
      0.0
    ],
    [
      0.4300000000000002,
      14.226940161388836,
      1.07,
      0.0
    ],
    [
      0.4400000000000002,
      14.229613003695166,
      1.07,
      0.0
    ],
    [
      0.45000000000000023,
      14.232343040628422,
      1.07,
      0.0
    ],
    [
      0.46000000000000024,
      14.235128038704252,
      1.07,
      0.0
    ],
    [
      0.47000000000000025,
      14.237965699904972,
      1.07,
      0.0
    ],
    [
      0.48000000000000026,
      14.240853667714367,
      1.07,
      0.0
    ],
    [
      0.49000000000000027,
      14.243789533152446,
      1.07,
      0.0
    ],
    [
      0.5000000000000002,
      14.246770840810244,
      1.07,
      0.0
    ],
    [
      0.5100000000000002,
      14.249795094884592,
      1.07,
      0.0
    ],
    [
      0.5200000000000002,
      14.25285976521289,
      1.07,
      0.0
    ],
    [
      0.5300000000000002,
      14.255962293307899,
      1.07,
      0.0
    ],
    [
      0.5400000000000003,
      14.259100098392516,
      1.07,
      0.0
    ],
    [
      0.5500000000000003,
      14.262270583434553,
      1.07,
      0.0
    ],
    [
      0.5600000000000003,
      14.265471141181516,
      1.07,
      0.0
    ],
    [
      0.5700000000000003,
      14.268699160195387,
      1.07,
      0.0
    ],
    [
      0.5800000000000003,
      14.271952030887403,
      1.07,
      0.0
    ],
    [
      0.5900000000000003,
      14.275227151552837,
      1.07,
      0.0
    ],
    [
      0.6000000000000003,
      14.278521934405772,
      1.07,
      0.0
    ],
    [
      0.6100000000000003,
      14.28183381161389,
      1.07,
      0.0
    ],
    [
      0.6200000000000003,
      14.285160241333244,
      1.07,
      0.0
    ],
    [
      0.6300000000000003,
      14.288498713743042,
      1.07,
      0.0
    ],
    [
      0.6400000000000003,
      14.291846757080426,
      1.07,
      0.0
    ],
    [
      0.6500000000000004,
      14.295201943675252,
      1.07,
      0.0
    ],
    [
      0.6600000000000004,
      14.298561895984866,
      1.07,
      0.0
    ],
    [
      0.6700000000000004,
      14.30192429262889,
      1.07,
      0.0
    ],
    [
      0.6800000000000004,
      14.305286874423997,
      1.07,
      0.0
    ],
    [
      0.6900000000000004,
      14.308647450418695,
      1.07,
      0.0
    ],
    [
      0.7000000000000004,
      14.312003903928103,
      1.07,
      0.0
    ],
    [
      0.7100000000000004,
      14.315354198568729,
      1.07,
      0.0
    ],
    [
      0.7200000000000004,
      14.318696384293258,
      1.07,
      0.0
    ],
    [
      0.7300000000000004,
      14.322028603425323,
      1.07,
      0.0
    ],
    [
      0.7400000000000004,
      14.325349096694293,
      1.07,
      0.0
    ],
    [
      0.7500000000000004,
      14.32865620927004,
      1.07,
      0.0
    ],
    [
      0.7600000000000005,
      14.331948396797737,
      1.07,
      0.0
    ],
    [
      0.7700000000000005,
      14.335224231432619,
      1.07,
      0.0
    ],
    [
      0.7800000000000005,
      14.33848240787478,
      1.07,
      0.0
    ],
    [
      0.7900000000000005,
      14.341721749403936,
      1.07,
      0.0
    ],
    [
      0.8000000000000005,
      14.344941213914222,
      1.07,
      0.0
    ],
    [
      0.8100000000000005,
      14.348139899948952,
      1.07,
      0.0
    ],
    [
      0.8200000000000005,
      14.351317052735423,
      1.07,
      0.0
    ],
    [
      0.8300000000000005,
      14.35447207021967,
      1.07,
      0.0
    ],
    [
