{
  "meta_data": {
    "path_name": "AngleTest",
    "sample_rate": 0.01
  },
  "key_points": [
    {
      "index": 0,
      "delta_time": 0.0,
      "time": 0.0,
      "x": 4.844482739433455,
      "y": 0.5757209012247461,
      "angle": 0.0,
      "velocity_magnitude": 0,
      "velocity_theta": 0,
      "angular_velocity": 0
    },
    {
      "index": 1,
      "delta_time": 1.0,
      "time": 1.0,
      "x": 2.1322971560251807,
      "y": 1.7492462890456872,
      "angle": -0.7853981633974483,
      "velocity_magnitude": 1.3430284070724225,
      "velocity_theta": 1.8193434090776126,
      "angular_velocity": 0
    },
    {
      "index": 2,
      "delta_time": 1.0,
      "time": 2.0,
      "x": 4.183723645458635,
      "y": 3.179237490099019,
      "angle": 1.5707963267948966,
      "velocity_magnitude": 0,
      "velocity_theta": 0,
      "angular_velocity": 0
    }
  ],
  "sampled_points": [
    [
      0.0,
      4.844482739433455,
      0.5757209012247461,
      0.0
    ],
    [
      0.02,
      4.8418706783620795,
      0.5765036917382075,
      -0.0007850865174062122
    ],
    [
      0.04,
      4.83404649251702,
      0.5788496014057404,
      -0.003136646530115982
    ],
    [
      0.06,
      4.821045636079946,
      0.5827513549916754,
      -0.007043747295694815
    ],
    [
      0.08,
      4.802926058299527,
      0.5881970612487464,
      -0.012488519435129094
    ],
    [
      0.1,
      4.779767225445034,
      0.5951704136142464,
      -0.01944645852572082
    ],
    [
      0.12,
      4.751669142759944,
      0.6036508909061847,
      -0.027886726693982355
    ],
    [
      0.14,
      4.718751376415559,
      0.6136139580194423,
      -0.03777245420853117
    ],
    [
      0.16,
      4.68115207546461,
      0.625031266621929,
      -0.04906104107298458
    ],
    [
      0.18,
      4.639026993794864,
      0.6378708558507392,
      -0.061704458618854506
    ],
    [
      0.2,
      4.592548512082735,
      0.6520973530083093,
      -0.07564955109844224
    ],
    [
      0.22,
      4.541904659746896,
      0.667672174258573,
      -0.09083833727773305
    ],
    [
      0.24,
      4.487298136901883,
      0.6845537253231179,
      -0.10720831202929121
    ],
    [
      0.26,
      4.428945336311704,
      0.7026976021773429,
      -0.12469274792515442
    ],
    [
      0.28,
      4.367075365343455,
      0.7220567917466129,
      -0.14322099682972877
    ],
    [
      0.3,
      4.301929067920921,
      0.7425818726024168,
      -0.1627187914926833
    ],
    [
      0.32,
      4.233758046478187,
      0.7642212156585229,
      -0.18310854714184516
    ],
    [
      0.34,
      4.162823683913253,
      0.7869211848671355,
      -0.20430966307609372
    ],
    [
      0.36,
      4.089396165541631,
      0.8106263379150515,
      -0.2262388242582557
    ],
    [
      0.38,
      4.013753501049967,
      0.835279626919817,
      -0.24881030290800013
    ],
    [
      0.4,
      3.9361805464496413,
      0.8608225991258825,
      -0.2719362600947325
    ],
    [
      0.42,
      3.8569680260303816,
      0.887195597600761,
      -0.29552704733048996
    ],
    [
      0.44,
      3.776411554313868,
      0.9143379619311833,
      -0.3194915081628361
    ],
    [
      0.46,
      3.6948106580073476,
      0.9421882289192546,
      -0.3437372797677553
    ],
    [
      0.48,
      3.6124677979572395,
      0.9706843332786106,
      -0.3681710945425477
    ],
    [
      0.5,
      3.529687391102744,
      0.9997638083305745,
      -0.39269908169872414
    ],
    [
      0.52,
      3.446774832429454,
      1.0293639867003133,
      -0.41722706885490063
    ],
    [
      0.54,
      3.3640355169229603,
      1.059422201012994,
      -0.44166088362969297
    ],
    [
      0.56,
      3.281773861522465,
      1.0898759845899393,
      -0.46590665523461217
    ],
    [
      0.58,
      3.2002923270743877,
      1.1206632721447856,
      -0.4898711160669583
    ],
    [
      0.6,
      3.1198904402859724,
      1.1517226004796375,
      -0.5134619033027158
    ],
    [
      0.62,
      3.0408638156789016,
      1.182993309181227,
      -0.5365878604894482
    ],
    [
      0.64,
      2.9635031775429033,
      1.214415741317065,
      -0.5591593391391926
    ],
    [
      0.66,
      2.888093381889357,
      1.2459314441316043,
      -0.5810885003213546
    ],
    [
      0.68,
      2.8149124384049076,
      1.2774833697423893,
      -0.6022896162556032
    ],
    [
      0.7,
      2.7442305324050706,
      1.3090160758362175,
      -0.6226793719047649
    ],
    [
      0.72,
      2.6763090467878414,
      1.3404759263652934,
      -0.6421771665677196
    ],
    [
      0.74,
      2.6113995839873088,
      1.3718112922433852,
      -0.6607054154722938
    ],
    [
      0.76,
      2.5497429879272566,
      1.4029727520419817,
      -0.6781898513681572
    ],
    [
      0.78,
      2.4915683659747785,
      1.4339132926864473,
      -0.6945598261197152
    ],
    [
      0.8,
      2.4370921108938854,
      1.4645885101521818,
      -0.7097486122990062
    ],
    [
      0.82,
      2.386516922799114,
      1.4949568101607722,
      -0.7236937047785938
    ],
    [
      0.84,
      2.340030831109134,
      1.5249796088761527,
      -0.7363371223244636
    ],
    [
      0.86,
      2.2978062165003603,
      1.5546215336007592,
      -0.747625709188917
    ],
    [
      0.88,
      2.2599988328605622,
      1.5838506234716865,
      -0.7575114367034659
    ],
    [
      0.9,
      2.2267468292424684,
      1.6126385301568444,
      -0.7659517048717275
    ],
    [
      0.92,
      2.198169771817381,
      1.6409607185511135,
      -0.7729096439623192
    ],
    [
      0.94,
      2.174367665828779,
      1.6687966674725028,
      -0.7783544161017535
    ],
    [
      0.96,
      2.155419977545932,
      1.6961300703583062,
      -0.7822615168673326
    ],
    [
      0.98,
      2.141384656217508,
      1.7229490359612574,
      -0.7846130768800421
    ],
    [
      1.0,
      2.13229715602518,
      1.7492462890456868,
      -0.7853981633974483
    ],
    [
      1.02,
      2.1279713777044313,
      1.7757999061777312,
      -0.7830429038452298
    ],
    [
      1.04,
      2.128198783472405,
      1.8033867558669057,
      -0.7759882238071123
    ],
    [
      1.06,
      2.1329485180307346,
      1.8319959928734422,
      -0.764266921510381
    ],
    [
      1.08,
      2.142170148926231,
      1.861609890839898,
      -0.7479326050920649
    ],
    [
      1.1,
      2.155794517731467,
      1.892204141470182,
      -0.7270587878202908
    ],
    [
      1.12,
      2.1737345912254775,
      1.9237481537086134,
      -0.7017379833155086
    ],
    [
      1.14,
      2.1958863125744257,
      1.9562053529189412,
      -0.6720808007718633
    ],
    [
      1.16,
      2.2221294525122373,
      1.9895334800633702,
      -0.6382150401785154
    ],
    [
      1.18,
      2.2523284605211984,
      2.0236848908815794,
      -0.6002847875408781
    ],
    [
      1.2,
      2.2863333160125903,
      2.0586068550697574,
      -0.5584495101021432
    ],
    [
      1.22,
      2.323980379507467,
      2.094241855459652,
      -0.5128831515642513
    ],
    [
      1.24,
      2.3650932438171237,
      2.130527887197567,
      -0.46377322730958603
    ],
    [
      1.26,
      2.4094835852238843,
      2.167398756923409,
      -0.41131991962199255
    ],
    [
      1.28,
      2.456952014661689,
      2.2047843819497195,
      -0.35573517290826295
    ],
    [
      1.3,
      2.5072889288966245,
      2.2426110894406626,
      -0.2972417889194272
    ],
    [
      1.32,
      2.5602753617078857,
      2.280801915591146,
      -0.2360725219719182
    ],
    [
      1.34,
      2.6156838350680314,
      2.319276904805738,
      -0.17246917416918706
    ],
    [
      1.36,
      2.6732792103239333,
      2.357953408877759,
      -0.10668169062271637
    ],
    [
      1.38,
