{
  "meta_data": {
    "path_name": "Marker1",
    "sample_rate": 0.01
  },
  "key_points": [
    {
      "index": 0,
      "delta_time": 0.0,
      "time": 0.0,
      "x": 15.513558,
      "y": 1.071626,
      "angle": 0.0,
      "velocity_magnitude": 0.0,
      "velocity_theta": 0.0,
      "angular_velocity": 0.0
    },
    {
      "index": 1,
      "delta_time": 1.0,
      "time": 1.0,
      "x": 0.0,
      "y": 0.0,
      "angle": 0.0,
      "velocity_magnitude": 1.0,
      "velocity_theta": 0.0,
      "angular_velocity": 0.0
    }
  ],
  "sampled_points": [
    [
      0,
      15.513558,
      1.071626,
      0.0
    ],
    [
      0.01,
      15.513401251845565,
      1.0716154438409242,
      0.0
    ],
    [
      0.02,
      15.512322960438885,
      1.0715428212471807,
      0.0
    ],
    [
      0.03,
      15.50945316429294,
      1.071349524992829,
      0.0
    ],
    [
      0.04,
      15.503977124777162,
      1.0709806513913853,
      0.0
    ],
    [
      0.05,
      15.495134173141246,
      1.0703849231387497,
      0.0
    ],
    [
      0.060000000000000005,
      15.48221655753899,
      1.069514612156134,
      0.0
    ],
    [
      0.07,
      15.46456829005211,
      1.0683254624329903,
      0.0
    ],
    [
      0.08,
      15.441583993714067,
      1.0667766128699387,
      0.0
    ],
    [
      0.09,
      15.412707749533887,
      1.064830520121695,
      0.0
    ],
    [
      0.09999999999999999,
      15.37743194351999,
      1.0624528814399994,
      0.0
    ],
    [
      0.10999999999999999,
      15.335296113704016,
      1.0596125575165438,
      0.0
    ],
    [
      0.11999999999999998,
      15.285885797164637,
      1.0562814953259,
      0.0
    ],
    [
      0.12999999999999998,
      15.228831377051392,
      1.0524346509684483,
      0.0
    ],
    [
      0.13999999999999999,
      15.163806929608512,
      1.0480499125133047,
      0.0
    ],
    [
      0.15,
      15.090529071198738,
      1.043108022841249,
      0.0
    ],
    [
      0.16,
      15.00875580532714,
      1.0375925024876536,
      0.0
    ],
    [
      0.17,
      14.91828536966496,
      1.0314895724854098,
      0.0
    ],
    [
      0.18000000000000002,
      14.818955083073417,
      1.0247880772078581,
      0.0
    ],
    [
      0.19000000000000003,
      14.710640192627539,
      1.0174794072117144,
      0.0
    ],
    [
      0.20000000000000004,
      14.593252720639983,
      1.0095574220799988,
      0.0
    ],
    [
      0.21000000000000005,
      14.466740311684866,
      1.0010183732649631,
      0.0
    ],
    [
      0.22000000000000006,
      14.331085079621587,
      0.9918608269310195,
      0.0
    ],
    [
      0.23000000000000007,
      14.186302454618643,
      0.9820855867976678,
      0.0
    ],
    [
      0.24000000000000007,
      14.032440030177463,
      0.9716956169824241,
      0.0
    ],
    [
      0.25000000000000006,
      13.869576410156228,
      0.9606959648437485,
      0.0
    ],
    [
      0.26000000000000006,
      13.697820055793692,
      0.9490936838239729,
      0.0
    ],
    [
      0.2700000000000001,
      13.517308132733012,
      0.9368977562922292,
      0.0
    ],
    [
      0.2800000000000001,
      13.328205358045569,
      0.9241190163873776,
      0.0
    ],
    [
      0.2900000000000001,
      13.130702847254788,
      0.9107700728609338,
      0.0
    ],
    [
      0.3000000000000001,
      12.925016961359972,
      0.8968652319199981,
      0.0
    ],
    [
      0.3100000000000001,
      12.711388153860117,
      0.8824204200701825,
      0.0
    ],
    [
      0.3200000000000001,
      12.490079817777737,
      0.8674531069585388,
      0.0
    ],
    [
      0.3300000000000001,
      12.261377132682693,
      0.8519822282164873,
      0.0
    ],
    [
      0.34000000000000014,
      12.025585911716014,
      0.8360281083027435,
      0.0
    ],
    [
      0.35000000000000014,
      11.783031448613718,
      0.8196123833462479,
      0.0
    ],
    [
      0.36000000000000015,
      11.534057364730643,
      0.8027579239890923,
      0.0
    ],
    [
      0.37000000000000016,
      11.279024456064262,
      0.7854887582294485,
      0.0
    ],
    [
      0.38000000000000017,
      11.01830954027852,
      0.7678299942644968,
      0.0
    ],
    [
      0.3900000000000002,
      10.752304303727637,
      0.7498077433333532,
      0.0
    ],
    [
      0.4000000000000002,
      10.481414148479963,
      0.7314490425599975,
      0.0
    ],
    [
      0.4100000000000002,
      10.206057039341768,
      0.712781777796202,
      0.0
    ],
    [
      0.4200000000000002,
      9.926662350881088,
      0.6938346064644583,
      0.0
    ],
    [
      0.4300000000000002,
      9.643669714451544,
      0.6746368804009066,
      0.0
    ],
    [
      0.4400000000000002,
      9.357527865216165,
      0.655218568698263,
      0.0
    ],
    [
      0.45000000000000023,
      9.06869348917121,
      0.6356101805487473,
      0.0
    ],
    [
      0.46000000000000024,
      8.777630070169993,
      0.6158426880870116,
      0.0
    ],
    [
      0.47000000000000025,
      8.484806736946712,
      0.595947449233068,
      0.0
    ],
    [
      0.48000000000000026,
      8.19069711014027,
      0.5759561305352163,
      0.0
    ],
    [
      0.49000000000000027,
      7.89577814931809,
      0.5559006300129727,
      0.0
    ],
    [
      0.5000000000000002,
      7.600528999999957,
      0.5358129999999972,
      0.0
    ],
    [
      0.5100000000000002,
      7.305429840681821,
      0.5157253699870216,
      0.0
    ],
    [
      0.5200000000000002,
      7.010960729859642,
      0.49566986946477787,
      0.0
    ],
    [
      0.5300000000000002,
      6.717600453053199,
      0.47567855076692633,
      0.0
    ],
    [
      0.5400000000000003,
      6.425825369829921,
      0.4557833119129828,
      0.0
    ],
    [
      0.5500000000000003,
      6.136108260828706,
      0.4360158194512469,
      0.0
    ],
    [
      0.5600000000000003,
      5.848917174783747,
      0.4164074313017314,
      0.0
    ],
    [
      0.5700000000000003,
      5.5647142755483685,
      0.39698911959908767,
      0.0
    ],
    [
      0.5800000000000003,
      5.283954689118829,
      0.37779139353553615,
      0.0
    ],
    [
      0.5900000000000003,
      5.007085350658144,
      0.35884422220379253,
      0.0
    ],
    [
      0.6000000000000003,
      4.734543851519954,
      0.3401769574399969,
      0.0
    ],
    [
      0.6100000000000003,
      4.466757286272278,
      0.3218182566666413,
      0.0
    ],
    [
      0.6200000000000003,
      4.2041410997213955,
      0.3037960057354977,
      0.0
    ],
    [
      0.6300000000000003,
      3.947097933935657,
      0.28613724177054634,
      0.0
    ],
    [
      0.6400000000000003,
      3.6960164752692766,
      0.2688680760109027,
      0.0
    ],
    [
      0.6500000000000004,
      3.451270301386204,
      0.2520136166537472,
      0.0
    ],
    [
      0.6600000000000004,
      3.213216728283907,
      0.23559789169725154,
      0.0
    ],
    [
      0.6700000000000004,
      2.9821956573172255,
      0.2196437717835079,
      0.0
    ],
    [
      0.6800000000000004,
      2.7585284222221826,
      0.20417289304145636,
      0.0
    ],
    [
      0.6900000000000004,
      2.54251663613981,
      0.18920557992981268,
      0.0
    ],
    [
      0.7000000000000004,
      2.3344410386399534,
      0.17476076807999752,
      0.0
    ],
    [
      0.7100000000000004,
      2.1345603427451376,
      0.16085592713906183,
      0.0
    ],
    [
      0.7200000000000004,
      1.9431100819543552,
      0.14750698361261805,
      0.0
    ],
    [
      0.7300000000000004,
      1.760301457266923,
      0.13472824370776637,
      0.0
    ],
    [
      0.7400000000000004,
      1.5863201842062455,
      0.12253231617602256,
      0.0
    ],
    [
      0.7500000000000004,
