{
  "meta_data": {
    "path_name": "MoveRightTest",
    "sample_rate": 0.01
  },
  "key_points": [
    {
      "index": 0,
      "delta_time": 0.0,
      "time": 0.0,
      "x": 12.347146374570446,
      "y": 5.279270009395532,
      "angle": 0.0,
      "velocity_magnitude": 0,
      "velocity_theta": 0,
      "angular_velocity": 0
    },
    {
      "index": 1,
      "delta_time": 1.0,
      "time": 1.0,
      "x": 12.35,
      "y": 4.28,
      "angle": 0.0,
      "velocity_magnitude": 0,
      "velocity_theta": 0,
      "angular_velocity": 0
    }
  ],
  "sampled_points": [
    [
      0,
      12.347146374570446,
      5.279270009395532,
      0.0
    ],
    [
      0.01,
      12.34714640268037,
      5.279260165986377,
      0.0
    ],
    [
      0.02,
      12.347146596066569,
      5.279192446856818,
      0.0
    ],
    [
      0.03,
      12.347147110793822,
      5.279012201930041,
      0.0
    ],
    [
      0.04,
      12.347148093064773,
      5.278668234606386,
      0.0
    ],
    [
      0.05,
      12.347149679425398,
      5.2781127298159,
      0.0
    ],
    [
      0.060000000000000005,
      12.347151996970466,
      5.277301182070908,
      0.0
    ],
    [
      0.07,
      12.347155163549001,
      5.2761923235185595,
      0.0
    ],
    [
      0.08,
      12.34715928796974,
      5.274748051993398,
      0.0
    ],
    [
      0.09,
      12.347164470206598,
      5.2729333590699135,
      0.0
    ],
    [
      0.09999999999999999,
      12.347170801604124,
      5.2707162581151055,
      0.0
    ],
    [
      0.10999999999999999,
      12.347178365082964,
      5.268067712341041,
      0.0
    ],
    [
      0.11999999999999998,
      12.347187235345327,
      5.264961562857414,
      0.0
    ],
    [
      0.12999999999999998,
      12.347197479080437,
      5.261374456724104,
      0.0
    ],
    [
      0.13999999999999999,
      12.347209155170004,
      5.257285775003739,
      0.0
    ],
    [
      0.15,
      12.347222314893674,
      5.252677560814249,
      0.0
    ],
    [
      0.16,
      12.3472370021345,
      5.247534447381429,
      0.0
    ],
    [
      0.17,
      12.3472532535844,
      5.241843586091499,
      0.0
    ],
    [
      0.18000000000000002,
      12.347271098949612,
      5.235594574543661,
      0.0
    ],
    [
      0.19000000000000003,
      12.347290561156163,
      5.22877938460266,
      0.0
    ],
    [
      0.20000000000000004,
      12.347311656555325,
      5.221392290451342,
      0.0
    ],
    [
      0.21000000000000005,
      12.347334395129085,
      5.213429796643213,
      0.0
    ],
    [
      0.22000000000000006,
      12.34735878069559,
      5.204890566155002,
      0.0
    ],
    [
      0.23000000000000007,
      12.34738481111462,
      5.195775348439215,
      0.0
    ],
    [
      0.24000000000000007,
      12.34741247849305,
      5.186086907476698,
      0.0
    ],
    [
      0.25000000000000006,
      12.347441769390302,
      5.175829949829196,
      0.0
    ],
    [
      0.26000000000000006,
      12.347472665023815,
      5.16501105269191,
      0.0
    ],
    [
      0.2700000000000001,
      12.3475051414745,
      5.15363859194606,
      0.0
    ],
    [
      0.2800000000000001,
      12.347539169892205,
      5.14172267021144,
      0.0
    ],
    [
      0.2900000000000001,
      12.34757471670117,
      5.12927504489898,
      0.0
    ],
    [
      0.3000000000000001,
      12.347611743805498,
      5.116309056263307,
      0.0
    ],
    [
      0.3100000000000001,
      12.347650208794608,
      5.102839555455299,
      0.0
    ],
    [
      0.3200000000000001,
      12.347690065148697,
      5.088882832574651,
      0.0
    ],
    [
      0.3300000000000001,
      12.347731262444205,
      5.074456544722427,
      0.0
    ],
    [
      0.34000000000000014,
      12.347773746559271,
      5.059579644053627,
      0.0
    ],
    [
      0.35000000000000014,
      12.347817459879199,
      5.044272305829739,
      0.0
    ],
    [
      0.36000000000000015,
      12.347862341501914,
      5.028555856471304,
      0.0
    ],
    [
      0.37000000000000016,
      12.347908327443426,
      5.012452701610474,
      0.0
    ],
    [
      0.38000000000000017,
      12.347955350843291,
      4.995986254143568,
      0.0
    ],
    [
      0.3900000000000002,
      12.348003342170074,
      4.979180862283635,
      0.0
    ],
    [
      0.4000000000000002,
      12.348052229426804,
      4.962061737613013,
      0.0
    ],
    [
      0.4100000000000002,
      12.348101938356441,
      4.944654883135884,
      0.0
    ],
    [
      0.4200000000000002,
      12.348152392647332,
      4.9269870213308415,
      0.0
    ],
    [
      0.4300000000000002,
      12.348203514138678,
      4.909085522203442,
      0.0
    ],
    [
      0.4400000000000002,
      12.348255223025989,
      4.89097833133877,
      0.0
    ],
    [
      0.45000000000000023,
      12.34830743806655,
      4.87269389795399,
      0.0
    ],
    [
      0.46000000000000024,
      12.348360076784878,
      4.854261102950916,
      0.0
    ],
    [
      0.47000000000000025,
      12.348413055678186,
      4.835709186968561,
      0.0
    ],
    [
      0.48000000000000026,
      12.348466290421845,
      4.817067678435705,
      0.0
    ],
    [
      0.49000000000000027,
      12.348519696074836,
      4.798366321623445,
      0.0
    ],
    [
      0.5000000000000002,
      12.348573187285226,
      4.779635004697764,
      0.0
    ],
    [
      0.5100000000000002,
      12.348626678495615,
      4.760903687772083,
      0.0
    ],
    [
      0.5200000000000002,
      12.348680084148606,
      4.742202330959823,
      0.0
    ],
    [
      0.5300000000000002,
      12.348733318892263,
      4.7235608224269665,
      0.0
    ],
    [
      0.5400000000000003,
      12.348786297785573,
      4.705008906444612,
      0.0
    ],
    [
      0.5500000000000003,
      12.3488389365039,
      4.686576111441537,
      0.0
    ],
    [
      0.5600000000000003,
      12.348891151544462,
      4.668291678056758,
      0.0
    ],
    [
      0.5700000000000003,
      12.348942860431773,
      4.650184487192085,
      0.0
    ],
    [
      0.5800000000000003,
      12.348993981923119,
      4.632282988064686,
      0.0
    ],
    [
      0.5900000000000003,
      12.34904443621401,
      4.614615126259644,
      0.0
    ],
    [
      0.6000000000000003,
      12.349094145143646,
      4.597208271782516,
      0.0
    ],
    [
      0.6100000000000003,
      12.349143032400377,
      4.580089147111893,
      0.0
    ],
    [
      0.6200000000000003,
      12.34919102372716,
      4.563283755251961,
      0.0
    ],
    [
      0.6300000000000003,
      12.349238047127026,
      4.546817307785054,
      0.0
    ],
    [
      0.6400000000000003,
      12.349284033068539,
      4.530714152924224,
      0.0
    ],
    [
      0.6500000000000004,
      12.349328914691252,
      4.51499770356579,
      0.0
    ],
    [
      0.6600000000000004,
      12.34937262801118,
      4.499690365341903,
      0.0
    ],
    [
      0.6700000000000004,
      12.349415112126247,
      4.484813464673102,
      0.0
    ],
    [
      0.6800000000000004,
      12.349456309421756,
      4.4703871768208785,
      0.0
    ],
    [
      0.6900000000000004,
      12.349496165775845,
      4.4564304539402295,
      0.0
    ],
    [
      0.7000000000000004,
      12.349534630764955,
      4.442960953132223,
      0.0
    ],
    [
      0.7100000000000004,
      12.349571657869284,
      4.429994964496549,
      0.0
    ],
    [
      0.7200000000000004,
      12.34960720467825,
      4.4175473391840905,
      0.0
    ],
    [
      0.7300000000000004,
      12.349641233095955,
      4.40563141744947,
      0.0
    ],
    [
      0.7400000000000004,
      12.34967370954664,
      4.39425895670362,
      0.0
    ],
    [
      0.7500000000000004,
      12.349704605180152,
      4.383440059566334,
