{
  "meta_data": {
    "path_name": "RotationAuto",
    "sample_rate": 0.01
  },
  "key_points": [
    {
      "index": 0,
      "delta_time": 0.0,
      "time": 0.0,
      "x": 11.580184061426117,
      "y": 5.017642469106903,
      "angle": 0.0,
      "velocity_magnitude": 0,
      "velocity_theta": 0,
      "angular_velocity": 0
    },
    {
      "index": 1,
      "delta_time": 1.0,
      "time": 1.0,
      "x": 11.58,
      "y": 5.02,
      "angle": 0.7853981633974483,
      "velocity_magnitude": 0,
      "velocity_theta": 0,
      "angular_velocity": 0
    }
  ],
  "sampled_points": [
    [
      0,
      11.580184061426117,
      5.017642469106903,
      0.0
    ],
    [
      0.01,
      11.580184059613002,
      5.017642492329997,
      7.736643148404759e-06
    ],
    [
      0.02,
      11.580184047139417,
      5.017642652096565,
      6.0961977124462934e-05
    ],
    [
      0.03,
      11.580184013939041,
      5.017643077339971,
      0.0002026294274843809
    ],
    [
      0.04,
      11.580183950581675,
      5.017643888845956,
      0.0004729780837316638
    ],
    [
      0.05,
      11.580183848259978,
      5.017645199422368,
      0.0009095892479848791
    ],
    [
      0.060000000000000005,
      11.58018369877622,
      5.0176471140689225,
      0.001547442983645423
    ],
    [
      0.07,
      11.580183494529036,
      5.017649730146928,
      0.0024189746640652827
    ],
    [
      0.08,
      11.580183228500161,
      5.017653137549038,
      0.0035541315212148025
    ],
    [
      0.09,
      11.580182894241187,
      5.01765741886899,
      0.004980429194350448
    ],
    [
      0.09999999999999999,
      11.580182485860309,
      5.017662649571348,
      0.0067230082786825735
    ],
    [
      0.10999999999999999,
      11.58018199800907,
      5.017668898161244,
      0.008804690874043182
    ],
    [
      0.11999999999999998,
      11.58018142586911,
      5.017676226354122,
      0.011246037133553688
    ],
    [
      0.12999999999999998,
      11.580180765138913,
      5.017684689245479,
      0.014065401812292697
    ],
    [
      0.13999999999999999,
      11.580180012020554,
      5.017694335480608,
      0.017278990815963746
    ],
    [
      0.15,
      11.580179163206452,
      5.0177052074243385,
      0.02090091774956309
    ],
    [
      0.16,
      11.580178215866109,
      5.017717341330781,
      0.02494326046604746
    ],
    [
      0.17,
      11.580177167632865,
      5.017730767513068,
      0.029416117615001812
    ],
    [
      0.18000000000000002,
      11.580176016590638,
      5.017745510513094,
      0.034327665191307116
    ],
    [
      0.19000000000000003,
      11.580174761260679,
      5.017761589271265,
      0.0396842130838081
    ],
    [
      0.20000000000000004,
      11.580173400588317,
      5.017779017296231,
      0.04549026162398106
    ],
    [
      0.21000000000000005,
      11.580171933929703,
      5.017797802834637,
      0.05174855813460152
    ],
    [
      0.22000000000000006,
      11.580170361038565,
      5.0178179490408565,
      0.05846015347841213
    ],
    [
      0.23000000000000007,
      11.58016868205295,
      5.017839454146745,
      0.06562445860679034
    ],
    [
      0.24000000000000007,
      11.58016689748197,
      5.017862311631369,
      0.07323930110841619
    ],
    [
      0.25000000000000006,
      11.580165008192553,
      5.017886510390759,
      0.08130098175794004
    ],
    [
      0.26000000000000006,
      11.580163015396195,
      5.0179120349076465,
      0.08980433106465048
    ],
    [
      0.2700000000000001,
      11.580160920635697,
      5.0179388654212085,
      0.09874276582114186
    ],
    [
      0.2800000000000001,
      11.580158725771918,
      5.017966978096807,
      0.10810834565198227
    ],
    [
      0.2900000000000001,
      11.580156432970528,
      5.017996345195733,
      0.11789182956238115
    ],
    [
      0.3000000000000001,
      11.580154044688745,
      5.018026935244949,
      0.12808273248685717
    ],
    [
      0.3100000000000001,
      11.580151563662092,
      5.018058713206832,
      0.1386693818379059
    ],
    [
      0.3200000000000001,
      11.580148992891136,
      5.0180916406489136,
      0.14963897405466756
    ],
    [
      0.3300000000000001,
      11.580146335628243,
      5.018125675913621,
      0.16097763115159505
    ],
    [
      0.34000000000000014,
      11.580143595364323,
      5.018160774288025,
      0.1726704572671213
    ],
    [
      0.35000000000000014,
      11.580140775815575,
      5.018196888173576,
      0.18470159521232737
    ],
    [
      0.36000000000000015,
      11.58013788091024,
      5.01823396725585,
      0.19705428301960992
    ],
    [
      0.37000000000000016,
      11.58013491477534,
      5.018271958674289,
      0.20971091049134935
    ],
    [
      0.38000000000000017,
      11.580131881723437,
      5.018310807191945,
      0.2226530757485772
    ],
    [
      0.3900000000000002,
      11.580128786239369,
      5.018350455365219,
      0.2358616417796442
    ],
    [
      0.4000000000000002,
      11.58012563296701,
      5.0183908437136076,
      0.24931679298888773
    ],
    [
      0.4100000000000002,
      11.580122426696002,
      5.018431910889442,
      0.26299809174530003
    ],
    [
      0.4200000000000002,
      11.58011917234852,
      5.01847359384763,
      0.2768845349311953
    ],
    [
      0.4300000000000002,
      11.580115874966003,
      5.018515828015401,
      0.29095461049087823
    ],
    [
      0.4400000000000002,
      11.580112539695913,
      5.018558547462046,
      0.30518635397931126
    ],
    [
      0.45000000000000023,
      11.58010917177848,
      5.018601685068661,
      0.3195574051107824
    ],
    [
      0.46000000000000024,
      11.580105776533447,
      5.018645172697887,
      0.33404506430757314
    ],
    [
      0.47000000000000025,
      11.58010235934682,
      5.018688941363657,
      0.3486263492486262
    ],
    [
      0.48000000000000026,
      11.580098925657614,
      5.0187329214009315,
      0.36327805141821307
    ],
    [
      0.49000000000000027,
      11.5800954809446,
      5.018777042635445,
      0.3779767926546022
    ],
    [
      0.5000000000000002,
      11.580092030713057,
      5.018821234553451,
      0.3926990816987262
    ],
    [
      0.5100000000000002,
      11.580088580481515,
      5.018865426471456,
      0.4074213707428503
    ],
    [
      0.5200000000000002,
      11.5800851357685,
      5.018909547705971,
      0.4221201119792395
    ],
    [
      0.5300000000000002,
      11.580081702079294,
      5.018953527743245,
      0.43677181414882643
    ],
    [
      0.5400000000000003,
      11.580078284892668,
      5.018997296409014,
      0.45135309908987936
    ],
    [
      0.5500000000000003,
      11.580074889647635,
      5.019040784038241,
      0.46584075828667004
    ],
    [
      0.5600000000000003,
      11.580071521730202,
      5.019083921644856,
      0.48021180941814123
    ],
    [
      0.5700000000000003,
      11.580068186460112,
      5.019126641091502,
      0.49444355290657416
    ],
    [
      0.5800000000000003,
      11.580064889077596,
      5.019168875259273,
      0.508513628466257
    ],
    [
      0.5900000000000003,
      11.580061634730113,
      5.019210558217461,
      0.5224000716521524
    ],
    [
      0.6000000000000003,
      11.580058428459106,
      5.019251625393294,
      0.5360813704085645
    ],
    [
      0.6100000000000003,
      11.580055275186744,
      5.019292013741683,
      0.5495365216178082
    ],
    [
      0.6200000000000003,
      11.580052179702678,
      5.019331661914958,
      0.562745087648875
    ],
    [
      0.6300000000000003,
      11.580049146650776,
      5.019370510432613,
      0.5756872529061028
    ],
    [
      0.6400000000000003,
      11.580046180515875,
      5.019408501851053,
      0.5883438803778422
    ],
    [
