{
  "meta_data": {
    "path_name": "Test1",
    "sample_rate": 0.01
  },
  "key_points": [
    {
      "index": 0,
      "delta_time": 0.0,
      "time": 0.0,
      "x": 12.812228502577316,
      "y": 4.680463978022506,
      "angle": 3.141592653589793,
      "velocity_magnitude": 0,
      "velocity_theta": 0,
      "angular_velocity": 0
    },
    {
      "index": 1,
      "delta_time": 1.0,
      "time": 1.0,
      "x": 11.146518951030929,
      "y": 4.705100792218559,
      "angle": 3.141592653589793,
      "velocity_magnitude": 0,
      "velocity_theta": 0,
      "angular_velocity": 0
    }
  ],
  "sampled_points": [
    [
      0,
      12.812228502577316,
      4.680463978022506,
      3.141592653589793
    ],
    [
      0.01,
      12.812212094338808,
      4.680464220709908,
      3.141592653589793
    ],
    [
      0.02,
      12.812099211534493,
      4.680465890312314,
      3.141592653589793
    ],
    [
      0.03,
      12.811798756508997,
      4.680470334217094,
      3.141592653589793
    ],
    [
      0.04,
      12.811225388299157,
      4.6804788146667855,
      3.141592653589793
    ],
    [
      0.05,
      12.810299402702931,
      4.680492510532947,
      3.141592653589793
    ],
    [
      0.060000000000000005,
      12.808946612348311,
      4.68051251909001,
      3.141592653589793
    ],
    [
      0.07,
      12.80709822676224,
      4.680539857789127,
      3.141592653589793
    ],
    [
      0.08,
      12.804690732439516,
      4.680575466032025,
      3.141592653589793
    ],
    [
      0.09,
      12.801665772911711,
      4.680620206944849,
      3.141592653589793
    ],
    [
      0.09999999999999999,
      12.797970028816078,
      4.680674869152025,
      3.141592653589793
    ],
    [
      0.10999999999999999,
      12.79355509796447,
      4.680740168550097,
      3.141592653589793
    ],
    [
      0.11999999999999998,
      12.788377375412246,
      4.680816750081589,
      3.141592653589793
    ],
    [
      0.12999999999999998,
      12.782397933527184,
      4.680905189508848,
      3.141592653589793
    ],
    [
      0.13999999999999999,
      12.775582402058403,
      4.681005995187897,
      3.141592653589793
    ],
    [
      0.15,
      12.767900848205256,
      4.681119609842289,
      3.141592653589793
    ],
    [
      0.16,
      12.759327656686263,
      4.681246412336953,
      3.141592653589793
    ],
    [
      0.17,
      12.749841409808008,
      4.681386719452044,
      3.141592653589793
    ],
    [
      0.18000000000000002,
      12.73942476753406,
      4.681540787656799,
      3.141592653589793
    ],
    [
      0.19000000000000003,
      12.728064347553884,
      4.681708814883383,
      3.141592653589793
    ],
    [
      0.20000000000000004,
      12.715750605351747,
      4.6818909423007415,
      3.141592653589793
    ],
    [
      0.21000000000000005,
      12.70247771427564,
      4.68208725608845,
      3.141592653589793
    ],
    [
      0.22000000000000006,
      12.68824344560618,
      4.682297789210566,
      3.141592653589793
    ],
    [
      0.23000000000000007,
      12.673049048625531,
      4.68252252318948,
      3.141592653589793
    ],
    [
      0.24000000000000007,
      12.656899130686316,
      4.682761389879762,
      3.141592653589793
    ],
    [
      0.25000000000000006,
      12.639801537280519,
      4.683014273242019,
      3.141592653589793
    ],
    [
      0.26000000000000006,
      12.621767232108411,
      4.68328101111674,
      3.141592653589793
    ],
    [
      0.2700000000000001,
      12.602810177147452,
      4.6835613969981456,
      3.141592653589793
    ],
    [
      0.2800000000000001,
      12.582947212721209,
      4.683855181808047,
      3.141592653589793
    ],
    [
      0.2900000000000001,
      12.562197937568262,
      4.684162075669688,
      3.141592653589793
    ],
    [
      0.3000000000000001,
      12.540584588911129,
      4.6844817496815985,
      3.141592653589793
    ],
    [
      0.3100000000000001,
      12.51813192252516,
      4.684813837691446,
      3.141592653589793
    ],
    [
      0.3200000000000001,
      12.494867092807471,
      4.685157938069885,
      3.141592653589793
    ],
    [
      0.3300000000000001,
      12.470819532845832,
      4.68551361548441,
      3.141592653589793
    ],
    [
      0.34000000000000014,
      12.4460208344876,
      4.685880402673202,
      3.141592653589793
    ],
    [
      0.35000000000000014,
      12.420504628408619,
      4.686257802218983,
      3.141592653589793
    ],
    [
      0.36000000000000015,
      12.39430646418214,
      4.686645288322864,
      3.141592653589793
    ],
    [
      0.37000000000000016,
      12.367463690347728,
      4.687042308578197,
      3.141592653589793
    ],
    [
      0.38000000000000017,
      12.340015334480174,
      4.687448285744424,
      3.141592653589793
    ],
    [
      0.3900000000000002,
      12.312001983258412,
      4.687862619520933,
      3.141592653589793
    ],
    [
      0.4000000000000002,
      12.283465662534427,
      4.688284688320901,
      3.141592653589793
    ],
    [
      0.4100000000000002,
      12.25444971740217,
      4.688713851045148,
      3.141592653589793
    ],
    [
      0.4200000000000002,
      12.22499869226647,
      4.68914944885599,
      3.141592653589793
    ],
    [
      0.4300000000000002,
      12.19515821091194,
      4.689590806951085,
      3.141592653589793
    ],
    [
      0.4400000000000002,
      12.1649748565719,
      4.690037236337288,
      3.141592653589793
    ],
    [
      0.45000000000000023,
      12.134496051997285,
      4.690488035604498,
      3.141592653589793
    ],
    [
      0.46000000000000024,
      12.10376993952555,
      4.690942492699513,
      3.141592653589793
    ],
    [
      0.47000000000000025,
      12.072845261149597,
      4.691399886699873,
      3.141592653589793
    ],
    [
      0.48000000000000026,
      12.04177123858667,
      4.6918594895877215,
      3.141592653589793
    ],
    [
      0.49000000000000027,
      12.01059745334728,
      4.6923205680236455,
      3.141592653589793
    ],
    [
      0.5000000000000002,
      11.979373726804118,
      4.692782385120532,
      3.141592653589793
    ],
    [
      0.5100000000000002,
      11.948150000260956,
      4.69324420221742,
      3.141592653589793
    ],
    [
      0.5200000000000002,
      11.916976215021567,
      4.693705280653343,
      3.141592653589793
    ],
    [
      0.5300000000000002,
      11.88590219245864,
      4.694164883541191,
      3.141592653589793
    ],
    [
      0.5400000000000003,
      11.854977514082686,
      4.694622277541552,
      3.141592653589793
    ],
    [
      0.5500000000000003,
      11.824251401610953,
      4.695076734636566,
      3.141592653589793
    ],
    [
      0.5600000000000003,
      11.793772597036337,
      4.6955275339037765,
      3.141592653589793
    ],
    [
      0.5700000000000003,
      11.763589242696298,
      4.69597396328998,
      3.141592653589793
    ],
    [
      0.5800000000000003,
      11.733748761341769,
      4.696415321385074,
      3.141592653589793
    ],
    [
      0.5900000000000003,
      11.704297736206067,
      4.696850919195916,
      3.141592653589793
    ],
    [
      0.6000000000000003,
      11.675281791073811,
      4.697280081920163,
      3.141592653589793
    ],
    [
      0.6100000000000003,
      11.646745470349826,
      4.69770215072013,
      3.141592653589793
    ],
    [
      0.6200000000000003,
      11.618732119128065,
      4.69811648449664,
      3.141592653589793
    ],
    [
      0.6300000000000003,
      11.591283763260511,
      4.698522461662868,
      3.141592653589793
    ],
    [
      0.6400000000000003,
      11.564440989426098,
      4.6989194819182005,
      3.141592653589793
    ],
    [
      0.6500000000000004,
      11.53824282519962,
      4.699306968022081,
      3.141592653589793
    ],
    [
