{
  "meta_data": {
    "path_name": "TurnTest",
    "sample_rate": 0.01
  },
  "key_points": [
    {
      "index": 0,
      "delta_time": 0.0,
      "time": 0.0,
      "x": 3.8015116456834543,
      "y": 4.647511182437638,
      "angle": 0.0,
      "velocity_magnitude": 0,
      "velocity_theta": 0,
      "angular_velocity": 0
    },
    {
      "index": 1,
      "delta_time": 1.5,
      "time": 1.5,
      "x": 3.7899496327937627,
      "y": 4.633085904704406,
      "angle": 1.5707963267948966,
      "velocity_magnitude": 0,
      "velocity_theta": 0,
      "angular_velocity": 0
    }
  ],
  "sampled_points": [
    [
      0,
      3.8015116456834543,
      4.647511182437638,
      0.0
    ],
    [
      0.01,
      3.8015103610722996,
      4.647509579700047,
      0.00017452518886592813
    ],
    [
      0.02,
      3.8015065079197283,
      4.647504772336787,
      0.0006980082504276654
    ],
    [
      0.03,
      3.801500088258371,
      4.647496762883855,
      0.0015701730348124518
    ],
    [
      0.04,
      3.80149110545463,
      4.647485555541325,
      0.0027905621881860756
    ],
    [
      0.05,
      3.801479564190405,
      4.647471156150542,
      0.004358539634998922
    ],
    [
      0.060000000000000005,
      3.801465470444828,
      4.647453572171335,
      0.006273293060232017
    ],
    [
      0.07,
      3.8014488314759878,
      4.647432812659215,
      0.008533836391643082
    ],
    [
      0.08,
      3.801429655802662,
      4.647408888242586,
      0.011139012282012561
    ],
    [
      0.09,
      3.801407953186043,
      4.647381811099942,
      0.014087494591389707
    ],
    [
      0.09999999999999999,
      3.8013837346114725,
      4.64735159493708,
      0.017377790869338584
    ],
    [
      0.10999999999999999,
      3.8013570122701634,
      4.647318254964295,
      0.02100824483718415
    ],
    [
      0.11999999999999998,
      3.8013277995409354,
      4.647281807873597,
      0.024977038870258282
    ],
    [
      0.12999999999999998,
      3.8012961109719408,
      4.647242271815898,
      0.029282196480145833
    ],
    [
      0.13999999999999999,
      3.8012619622623958,
      4.647199666378236,
      0.03392158479693068
    ],
    [
      0.15,
      3.8012253702443055,
      4.6471540125609625,
      0.03889291705144176
    ],
    [
      0.16,
      3.801186352864199,
      4.647105332754962,
      0.04419375505749913
    ],
    [
      0.17,
      3.8011449291648547,
      4.647053650718842,
      0.04982151169416003
    ],
    [
      0.18000000000000002,
      3.8011011192670283,
      4.646998991556147,
      0.05577345338796486
    ],
    [
      0.19000000000000003,
      3.8010549443511867,
      4.646941381692564,
      0.06204670259518334
    ],
    [
      0.20000000000000004,
      3.801006426639233,
      4.646880848853119,
      0.06863824028406044
    ],
    [
      0.21000000000000005,
      3.8009555893762363,
      4.646817422039388,
      0.07554490841706253
    ],
    [
      0.22000000000000006,
      3.800902456812164,
      4.646751131506698,
      0.08276341243312335
    ],
    [
      0.23000000000000007,
      3.800847054183607,
      4.646682008741336,
      0.09029032372989004
    ],
    [
      0.24000000000000007,
      3.80078940769551,
      4.646610086437747,
      0.09812208214596939
    ],
    [
      0.25000000000000006,
      3.8007295445029015,
      4.646535398475746,
      0.10625499844317353
    ],
    [
      0.26000000000000006,
      3.800667492692624,
      4.646457979897713,
      0.11468525678876636
    ],
    [
      0.2700000000000001,
      3.80060328126506,
      4.6463778668858104,
      0.12340891723770929
    ],
    [
      0.2800000000000001,
      3.8005369401158635,
      4.6462950967391725,
      0.13242191821490742
    ],
    [
      0.2900000000000001,
      3.800468500017689,
      4.646209707851123,
      0.14172007899745573
    ],
    [
      0.3000000000000001,
      3.800397992601919,
      4.6461217396863725,
      0.15129910219688478
    ],
    [
      0.3100000000000001,
      3.8003254503403965,
      4.646031232758226,
      0.161154576241407
    ],
    [
      0.3200000000000001,
      3.800250906527151,
      4.645938228605779,
      0.17128197785816285
    ],
    [
      0.3300000000000001,
      3.800174395260128,
      4.64584276977114,
      0.1816766745554665
    ],
    [
      0.34000000000000014,
      3.8000959514229193,
      4.645744899776617,
      0.19233392710505218
    ],
    [
      0.35000000000000014,
      3.800015610666492,
      4.645644663101929,
      0.20324889202432023
    ],
    [
      0.36000000000000015,
      3.7999334093909183,
      4.645542105161414,
      0.2144166240585828
    ],
    [
      0.37000000000000016,
      3.7998493847271035,
      4.645437272281228,
      0.22583207866331048
    ],
    [
      0.38000000000000017,
      3.799763574518513,
      4.645330211676551,
      0.2374901144863777
    ],
    [
      0.3900000000000002,
      3.7996760173029074,
      4.645220971428793,
      0.2493854958503093
    ],
    [
      0.4000000000000002,
      3.7995867522940663,
      4.645109600462796,
      0.2615128952345263
    ],
    [
      0.4100000000000002,
      3.79949581936352,
      4.644996148524043,
      0.273866895757592
    ],
    [
      0.4200000000000002,
      3.7994032590222777,
      4.6448806661558555,
      0.286441993659458
    ],
    [
      0.4300000000000002,
      3.7993091124025566,
      4.6447632046766065,
      0.29923260078371045
    ],
    [
      0.4400000000000002,
      3.799213421239513,
      4.6446438161569175,
      0.31223304705981586
    ],
    [
      0.45000000000000023,
      3.7991162278529678,
      4.644522553396866,
      0.3254375829853673
    ],
    [
      0.46000000000000024,
      3.79901757512914,
      4.644399469903194,
      0.33884038210833006
    ],
    [
      0.47000000000000025,
      3.798917506502371,
      4.644274619866501,
      0.3524355435092884
    ],
    [
      0.48000000000000026,
      3.79881606593686,
      4.644148058138462,
      0.366217094283691
    ],
    [
      0.49000000000000027,
      3.7987132979083857,
      4.644019840209026,
      0.3801789920240972
    ],
    [
      0.5000000000000002,
      3.7986092473860418,
      4.643890022183617,
      0.39431512730242324
    ],
    [
      0.5100000000000002,
      3.7985039598139636,
      4.643758660760344,
      0.40861932615218804
    ],
    [
      0.5200000000000002,
      3.798397481093056,
      4.643625813207205,
      0.42308535255075924
    ],
    [
      0.5300000000000002,
      3.798289857562726,
      4.643491537339286,
      0.4377069109015994
    ],
    [
      0.5400000000000003,
      3.7981811359826074,
      4.643355891495974,
      0.45247764851651223
    ],
    [
      0.5500000000000003,
      3.798071363514294,
      4.643218934518154,
      0.4673911580978878
    ],
    [
      0.5600000000000003,
      3.7979605877030655,
      4.643080725725418,
      0.48244098022095006
    ],
    [
      0.5700000000000003,
      3.7978488564596216,
      4.642941324893266,
      0.49762060581600104
    ],
    [
      0.5800000000000003,
      3.7977362180418037,
      4.642800792230317,
      0.5129234786506687
    ],
    [
      0.5900000000000003,
      3.797622721036332,
      4.642659188355503,
      0.5283429978121515
    ],
    [
      0.6000000000000003,
      3.7975084143405273,
      4.642516574275284,
      0.5438725201894659
    ],
    [
      0.6100000000000003,
      3.7973933471440477,
      4.642373011360846,
      0.5595053629556906
    ],
    [
      0.6200000000000003,
      3.79727756891061,
      4.642228561325308,
      0.5752348060502144
    ],
    [
      0.6300000000000003,
      3.797161129359725,
      4.642083286200927,
      0.5910540946609808
    ],
    [
      0.6400000000000003,
      3.7970440784484243,
      4.6419372483163,
      0.6069564417067355
    ],
    [
      0.6500000000000004,
